tag,beta_value
62039,0.2004686768830311
62037,0.49331380298283206
62025,0.28912832290043633
62027,0.8525687853965814
62043,0.0
62035,0.44706272769352756
62018,0.9741401347327397
62023,0.895736333355976
62021,0.7401980053321491
62028,0.8534125935431768
62022,0.8779516156053001
62020,0.8609169932505133
