tag,beta_value
62039,0.013229975222183816
62037,0.439226578593519
62025,0.0779045072838747
62027,2.3247946017130374
62043,0.0
62035,0.3195402778649013
62018,0.9777020423250993
62023,0.7880562127362853
62021,0.35281443105141197
62028,0.18764966176700262
62022,0.8229457523306059
62020,0.7014799454562428
