tag,beta_value
62018,0.9624891804170781
62022,0.83442291323733
62023,0.9325594826756919
62043,0.0
62037,0.44336422228939104
62027,0.8586842881941543
62035,0.6399719151571516
62021,0.5563027240155721
62020,0.8117701627792748
62028,0.5622329439258352
62025,0.150243525956545
62039,0.055430367824133076
