tag,beta_value
62039,0.011049043634705177
62037,0.14602359253512678
62025,0.04253604881212158
62027,0.5558697326854537
62043,0.0
62035,0.15922435018866463
62018,0.5416385944782142
62023,0.422584494805686
62021,0.1914980447373883
62028,0.13041479690970034
62022,0.4086966701990559
62020,0.3331785938010653
