tag,beta_value
62039,0.0044381192193231654
62037,0.02147966139300267
62025,0.010760381573686603
62027,0.05270827766133059
62043,0.0
62035,0.027250672158184566
62018,0.09938689641227817
62023,0.08377606015801588
62021,0.04818019752313939
62028,0.040420438579071516
62022,0.07794997549703908
62020,0.06544488291279173
