tag,beta_value
62039,0.04000869798091219
62037,0.20458861009556437
62025,0.09347307282727679
62027,0.4316820184517298
62043,0.0
62035,0.2617394943089069
62018,0.6630476971342397
62023,0.610828432328736
62021,0.36377998368228986
62028,0.34626563670122024
62022,0.5594352630875654
62020,0.49307078666282833
