tag,beta_value
62039,0.060983129439910244
62037,0.616440064628425
62025,0.1727473703769007
62027,1.2593902789714564
62043,0.0
62035,0.8377456798005812
62018,0.9946247964380305
62023,0.9808940880324589
62021,0.6286643297878451
62028,0.62527707897763
62022,0.9150529058536362
62020,0.9323746604607507
