tag,beta_value
62039,0.0863288930872262
62037,0.4175865277026145
62025,0.1786061155285227
62027,0.7524178398750305
62043,0.0
62035,0.5237942232532387
62018,0.927935867237254
62023,0.8932686115927814
62021,0.5941234093113381
62028,0.6302379354746206
62022,0.8279382898256455
62020,0.7793093376664011
